Material_Type,Photo_Number
Бетон Тяжелый В 15,606
Бетон Тяжелый В 15,607
Бетон Тяжелый В 15,608
Бетон Тяжелый В 15,609
Бетон Тяжелый В 15,610
Бетон Тяжелый В 15,611
Бетон Тяжелый В 15,612
Бетон Тяжелый В 15,615
Бетон Тяжелый В 15,616
Бетон Тяжелый В 15,617
Бетон Тяжелый В 15,618
Бетон Тяжелый В 15,619
Бетон Тяжелый В 15,620
Бетон Тяжелый В 15,621
Бетон Тяжелый В 15,622
Бетон Тяжелый В 15,623
Бетон Тяжелый В 15,625
Бетон Тяжелый В 15,626
Бетон Тяжелый В 15,627
Бетон Тяжелый В 15,628
Бетон Тяжелый В 15,629
Бетон Тяжелый В 15,630
Бетон Тяжелый В 15,631
Бетон Тяжелый В 15,632
Бетон Тяжелый В 15,633
Бетон Тяжелый В 15,634
Бетон Тяжелый В 15,635
Бетон Тяжелый В 15,636
Бетон Тяжелый В 15,637
Бетон Тяжелый В 15,638
Бетон Тяжелый В 15,639
Бетон Тяжелый В 15,640
Бетон Тяжелый В 15,642
Бетон Тяжелый В 15,643
Бетон Тяжелый В 15,644
Бетон Тяжелый В 15,645
Бетон Тяжелый В 15,646
Бетон Тяжелый В 15,647
Бетон Тяжелый В 15,648
Бетон Тяжелый В 15,649
Бетон Тяжелый В 15,650
Бетон Тяжелый В 15,651
Бетон Тяжелый В 15,652
Бетон Тяжелый В 15,653
Бетон Тяжелый В 15,654
Бетон Тяжелый В 15,655
Бетон Тяжелый В 15,656
Бетон Тяжелый В 15,657
Бетон Тяжелый В 15,663
Бетон Тяжелый В 15,667
Бетон Тяжелый В 15,668
Бетон Тяжелый В 15,670
Бетон Тяжелый В 15,671
Бетон Тяжелый В 15,672
Бетон Тяжелый В 15,673
Бетон Тяжелый В 15,674
Бетон Тяжелый В 15,676
Бетон Тяжелый В 15,677
Бетон Тяжелый В 15,678
Бетон Тяжелый В 15,679
Бетон Тяжелый В 15,680
Бетон Тяжелый В 15,681
Бетон Тяжелый В 15,682
Бетон Тяжелый В 15,683
Бетон Тяжелый В 40,734
Бетон Тяжелый В 40,735
Бетон Тяжелый В 40,736
Бетон Тяжелый В 40,737
Бетон Тяжелый В 30,738
Бетон Тяжелый В 30,739
Бетон Тяжелый В 30,740
Бетон Тяжелый В 30,741
Бетон Тяжелый В 35,742
Бетон Тяжелый В 35,743
Бетон Тяжелый В 35,744
Бетон Тяжелый В 35,746
Бетон Тяжелый В 40,747
Бетон Тяжелый В 40,749
Бетон Тяжелый В 40,750
Бетон Тяжелый В 40,751
Бетон Тяжелый В 40,752
Бетон Тяжелый В 40,753
Бетон Тяжелый В 40,754
Бетон Тяжелый В 40,755
Бетон Тяжелый В 40,758
Бетон Тяжелый В 40,759
Бетон Тяжелый В 40,760
Бетон Тяжелый В 40,761
Бетон Тяжелый В 35,762
Бетон Тяжелый В 35,763
Бетон Тяжелый В 35,764
Бетон Тяжелый В 35,765
Бетон Тяжелый В 30,766
Бетон Тяжелый В 30,767
Бетон Тяжелый В 30,768
Бетон Тяжелый В 30,769
Бетон Тяжелый В 30,770
Бетон Тяжелый В 30,771
Бетон Тяжелый В 30,772
Бетон Тяжелый В 30,773
Бетон Тяжелый В 25,774
Бетон Тяжелый В 25,775
Бетон Тяжелый В 25,776
Бетон Тяжелый В 25,777
Бетон Тяжелый В 25,780
Бетон Тяжелый В 25,781
Бетон Тяжелый В 25,782
Бетон Тяжелый В 25,784
Бетон Тяжелый В 30,785
Бетон Тяжелый В 30,786
Бетон Тяжелый В 30,787
Бетон Тяжелый В 30,788
Бетон Тяжелый В 30,789
Бетон Тяжелый В 30,790
Бетон Тяжелый В 30,791
Бетон Тяжелый В 30,792
Бетон Тяжелый В 30,793
Бетон Тяжелый В 30,794
Бетон Тяжелый В 30,795
Бетон Тяжелый В 30,796
Бетон Тяжелый В 30,797
Бетон Тяжелый В 30,798
Бетон Тяжелый В 30,799
Бетон Тяжелый В 30,800
Бетон Тяжелый В 30,801
Бетон Тяжелый В 30,802
Бетон Тяжелый В 30,803
Бетон Тяжелый В 30,804
Бетон Тяжелый В 30,808
Бетон Тяжелый В 30,809
Бетон Тяжелый В 30,810
Бетон Тяжелый В 30,811
Бетон Тяжелый В 15,948
Бетон Тяжелый В 15,949
Бетон Тяжелый В 15,950
Бетон Тяжелый В 15,951
Бетон Тяжелый В 15,952
Бетон Тяжелый В 15,953
Бетон Тяжелый В 15,954
Бетон Тяжелый В 15,955
Бетон Тяжелый В 15,956
Бетон Тяжелый В 15,958
Бетон Тяжелый В 15,959
Бетон Тяжелый В 15,960
Бетон Тяжелый В 15,961
Бетон Тяжелый В 15,962
Бетон Тяжелый В 15,963
Бетон Тяжелый В 15,964
Бетон Тяжелый В 15,965
Бетон Тяжелый В 15,966
Бетон Тяжелый В 15,967
Бетон Тяжелый В 15,968
Бетон Тяжелый В 15,969
Бетон Тяжелый В 15,970
Бетон Тяжелый В 15,971
Бетон Тяжелый В 15,972
Бетон Тяжелый В 15,973
Бетон Тяжелый В 15,974
Бетон Тяжелый В 15,975
Бетон Тяжелый В 15,976
Бетон Тяжелый В 15,977
Бетон Тяжелый В 15,978
Бетон Тяжелый В 15,979
Бетон Тяжелый В 15,980
Бетон Тяжелый В 35,1183
Бетон Тяжелый В 35,1184
Бетон Тяжелый В 35,1185
Бетон Тяжелый В 35,1186
Бетон Тяжелый В 35,1187
Бетон Тяжелый В 35,1188
Бетон Тяжелый В 35,1189
Бетон Тяжелый В 35,1190
